{
  "images" : [
    {
      "filename" : "032-gymnast-1second.svg",
      "idiom" : "universal",
      "resizing" : {
        "cap-insets" : {
          "bottom" : 0,
          "left" : 0,
          "right" : -1,
          "top" : 0
        },
        "center" : {
          "height" : 0,
          "mode" : "tile",
          "width" : 1
        },
        "mode" : "9-part"
      },
      "scale" : "1x"
    },
    {
      "idiom" : "universal",
      "scale" : "2x"
    },
    {
      "idiom" : "universal",
      "scale" : "3x"
    }
  ],
  "info" : {
    "author" : "xcode",
    "version" : 1
  }
}
